<?xml version="1.0" encoding="UTF-8"?>
<GenRun Id="impl_1" LaunchPart="xc7k70tfbv676-1" LaunchTime="1748798348">
  <File Type="ROUTE-BUS-SKEW" Name="TOP_UART_bus_skew_routed.rpt"/>
  <File Type="PA-DCP" Name="TOP_UART.dcp"/>
  <File Type="ROUTE-PWR" Name="TOP_UART_power_routed.rpt"/>
  <File Type="PA-TCL" Name="TOP_UART.tcl"/>
  <File Type="ROUTE-PWR-SUM" Name="TOP_UART_power_summary_routed.pb"/>
  <File Type="OPT-RQA-PB" Name="TOP_UART_rqa_opted.pb"/>
  <File Type="REPORTS-TCL" Name="TOP_UART_reports.tcl"/>
  <File Type="INIT-TIMING" Name="TOP_UART_timing_summary_init.rpt"/>
  <File Type="OPT-DCP" Name="TOP_UART_opt.dcp"/>
  <File Type="OPT-DRC" Name="TOP_UART_drc_opted.rpt"/>
  <File Type="OPT-METHODOLOGY-DRC" Name="TOP_UART_methodology_drc_opted.rpt"/>
  <File Type="OPT-HWDEF" Name="TOP_UART.hwdef"/>
  <File Type="OPT-TIMING" Name="TOP_UART_timing_summary_opted.rpt"/>
  <File Type="PWROPT-DCP" Name="TOP_UART_pwropt.dcp"/>
  <File Type="PWROPT-DRC" Name="TOP_UART_drc_pwropted.rpt"/>
  <File Type="PWROPT-TIMING" Name="TOP_UART_timing_summary_pwropted.rpt"/>
  <File Type="PLACE-DCP" Name="TOP_UART_placed.dcp"/>
  <File Type="PLACE-IO" Name="TOP_UART_io_placed.rpt"/>
  <File Type="PLACE-CLK" Name="TOP_UART_clock_utilization_placed.rpt"/>
  <File Type="PLACE-UTIL" Name="TOP_UART_utilization_placed.rpt"/>
  <File Type="PLACE-UTIL-PB" Name="TOP_UART_utilization_placed.pb"/>
  <File Type="PLACE-CTRL" Name="TOP_UART_control_sets_placed.rpt"/>
  <File Type="PLACE-SIMILARITY" Name="TOP_UART_incremental_reuse_placed.rpt"/>
  <File Type="PLACE-PRE-SIMILARITY" Name="TOP_UART_incremental_reuse_pre_placed.rpt"/>
  <File Type="BG-BIN" Name="TOP_UART.bin"/>
  <File Type="PLACE-TIMING" Name="TOP_UART_timing_summary_placed.rpt"/>
  <File Type="ROUTE-PWR-RPX" Name="TOP_UART_power_routed.rpx"/>
  <File Type="PLACE-RQA-PB" Name="TOP_UART_rqa_placed.pb"/>
  <File Type="POSTPLACE-PWROPT-DCP" Name="TOP_UART_postplace_pwropt.dcp"/>
  <File Type="BITSTR-MSK" Name="TOP_UART.msk"/>
  <File Type="POSTPLACE-PWROPT-TIMING" Name="TOP_UART_timing_summary_postplace_pwropted.rpt"/>
  <File Type="PHYSOPT-DCP" Name="TOP_UART_physopt.dcp"/>
  <File Type="PHYSOPT-DRC" Name="TOP_UART_drc_physopted.rpt"/>
  <File Type="BITSTR-RBT" Name="TOP_UART.rbt"/>
  <File Type="PHYSOPT-TIMING" Name="TOP_UART_timing_summary_physopted.rpt"/>
  <File Type="ROUTE-ERROR-DCP" Name="TOP_UART_routed_error.dcp"/>
  <File Type="ROUTE-DCP" Name="TOP_UART_routed.dcp"/>
  <File Type="ROUTE-BLACKBOX-DCP" Name="TOP_UART_routed_bb.dcp"/>
  <File Type="ROUTE-DRC" Name="TOP_UART_drc_routed.rpt"/>
  <File Type="ROUTE-DRC-PB" Name="TOP_UART_drc_routed.pb"/>
  <File Type="ROUTE-DRC-RPX" Name="TOP_UART_drc_routed.rpx"/>
  <File Type="ROUTE-METHODOLOGY-DRC" Name="TOP_UART_methodology_drc_routed.rpt"/>
  <File Type="ROUTE-METHODOLOGY-DRC-RPX" Name="TOP_UART_methodology_drc_routed.rpx"/>
  <File Type="ROUTE-METHODOLOGY-DRC-PB" Name="TOP_UART_methodology_drc_routed.pb"/>
  <File Type="ROUTE-RQS-PB" Name="TOP_UART_rqs_routed.pb"/>
  <File Type="ROUTE-STATUS" Name="TOP_UART_route_status.rpt"/>
  <File Type="ROUTE-STATUS-PB" Name="TOP_UART_route_status.pb"/>
  <File Type="ROUTE-TIMINGSUMMARY" Name="TOP_UART_timing_summary_routed.rpt"/>
  <File Type="ROUTE-TIMING-PB" Name="TOP_UART_timing_summary_routed.pb"/>
  <File Type="ROUTE-TIMING-RPX" Name="TOP_UART_timing_summary_routed.rpx"/>
  <File Type="ROUTE-SIMILARITY" Name="TOP_UART_incremental_reuse_routed.rpt"/>
  <File Type="ROUTE-CLK" Name="TOP_UART_clock_utilization_routed.rpt"/>
  <File Type="ROUTE-BUS-SKEW-PB" Name="TOP_UART_bus_skew_routed.pb"/>
  <File Type="ROUTE-BUS-SKEW-RPX" Name="TOP_UART_bus_skew_routed.rpx"/>
  <File Type="POSTROUTE-PHYSOPT-DCP" Name="TOP_UART_postroute_physopt.dcp"/>
  <File Type="POSTROUTE-PHYSOPT-BLACKBOX-DCP" Name="TOP_UART_postroute_physopt_bb.dcp"/>
  <File Type="POSTROUTE-PHYSOPT-TIMING" Name="PACKETIZER_timing_summary_postroute_physopted.rpt"/>
  <File Type="POSTROUTE-PHYSOPT-TIMING-PB" Name="PACKETIZER_timing_summary_postroute_physopted.pb"/>
  <File Type="POSTROUTE-PHYSOPT-TIMING-RPX" Name="PACKETIZER_timing_summary_postroute_physopted.rpx"/>
  <File Type="POSTROUTE-PHYSOPT-BUS-SKEW" Name="PACKETIZER_bus_skew_postroute_physopted.rpt"/>
  <File Type="BG-BIT" Name="TOP_UART.bit"/>
  <File Type="POSTROUTE-PHYSOPT-BUS-SKEW-PB" Name="PACKETIZER_bus_skew_postroute_physopted.pb"/>
  <File Type="POSTROUTE-PHYSOPT-BUS-SKEW-RPX" Name="PACKETIZER_bus_skew_postroute_physopted.rpx"/>
  <File Type="BITSTR-NKY" Name="TOP_UART.nky"/>
  <File Type="BITSTR-BMM" Name="TOP_UART_bd.bmm"/>
  <File Type="BITSTR-MMI" Name="TOP_UART.mmi"/>
  <File Type="PDI-FILE" Name="TOP_UART.pdi"/>
  <File Type="BOOT-PDI-FILE" Name="TOP_UART_boot.pdi"/>
  <File Type="PL-PDI-FILE" Name="TOP_UART_pld.pdi"/>
  <File Type="RCFI_FILE" Name="TOP_UART.rcfi"/>
  <File Type="CFI_FILE" Name="TOP_UART.cfi"/>
  <File Type="RNPI_FILE" Name="TOP_UART.rnpi"/>
  <File Type="NPI_FILE" Name="TOP_UART.npi"/>
  <File Type="RBD_FILE" Name="TOP_UART.rbd"/>
  <File Type="BITSTR-LTX" Name="debug_nets.ltx"/>
  <File Type="BITSTR-LTX" Name="TOP_UART.ltx"/>
  <File Type="BITSTR-SYSDEF" Name="TOP_UART.sysdef"/>
  <File Type="BG-BGN" Name="TOP_UART.bgn"/>
  <File Type="BG-DRC" Name="TOP_UART.drc"/>
  <File Type="RDI-RDI" Name="TOP_UART.vdi"/>
  <File Type="WBT-USG" Name="usage_statistics_webtalk.html"/>
  <File Type="ROUTE-RQS" Name="TOP_UART_routed.rqs"/>
  <File Type="POSTROUTE-PHYSOPT-RQS" Name="TOP_UART_postroute_physopted.rqs"/>
  <File Type="ROUTE-RQS-RPT" Name="route_report_qor_suggestions_0.rpt"/>
  <File Type="POSTROUTE-PHYSOPT-RQS-RPT" Name="postroute_physopt_report_qor_suggestions_0.rpt"/>
  <FileSet Name="sources" Type="DesignSrcs" RelSrcDir="$PSRCDIR/sources_1" RelGenDir="$PGENDIR/sources_1">
    <Filter Type="Srcs"/>
    <File Path="$PSRCDIR/sources_1/new/FIFO.v">
      <FileInfo>
        <Attr Name="UsedIn" Val="synthesis"/>
        <Attr Name="UsedIn" Val="implementation"/>
        <Attr Name="UsedIn" Val="simulation"/>
      </FileInfo>
    </File>
    <File Path="$PSRCDIR/sources_1/new/TEST.v">
      <FileInfo>
        <Attr Name="UsedIn" Val="synthesis"/>
        <Attr Name="UsedIn" Val="implementation"/>
        <Attr Name="UsedIn" Val="simulation"/>
      </FileInfo>
    </File>
    <File Path="$PSRCDIR/sources_1/new/TOP_UART.v">
      <FileInfo>
        <Attr Name="UsedIn" Val="synthesis"/>
        <Attr Name="UsedIn" Val="implementation"/>
        <Attr Name="UsedIn" Val="simulation"/>
      </FileInfo>
    </File>
    <File Path="$PSRCDIR/sources_1/new/PACKETIZER.v">
      <FileInfo>
        <Attr Name="AutoDisabled" Val="1"/>
        <Attr Name="UsedIn" Val="synthesis"/>
        <Attr Name="UsedIn" Val="implementation"/>
        <Attr Name="UsedIn" Val="simulation"/>
      </FileInfo>
    </File>
    <Config>
      <Option Name="DesignMode" Val="RTL"/>
      <Option Name="TopModule" Val="TOP_UART"/>
    </Config>
  </FileSet>
  <FileSet Name="constrs_in" Type="Constrs" RelSrcDir="$PSRCDIR/constrs_1" RelGenDir="$PGENDIR/constrs_1">
    <Filter Type="Constrs"/>
    <Config>
      <Option Name="ConstrsType" Val="XDC"/>
    </Config>
  </FileSet>
  <FileSet Name="utils" Type="Utils" RelSrcDir="$PSRCDIR/utils_1" RelGenDir="$PGENDIR/utils_1">
    <Filter Type="Utils"/>
    <File Path="$PSRCDIR/utils_1/imports/synth_1/TEST.dcp">
      <FileInfo>
        <Attr Name="UsedIn" Val="synthesis"/>
        <Attr Name="UsedIn" Val="implementation"/>
        <Attr Name="UsedInSteps" Val="synth_1"/>
        <Attr Name="AutoDcp" Val="1"/>
      </FileInfo>
    </File>
    <Config>
      <Option Name="TopAutoSet" Val="TRUE"/>
    </Config>
  </FileSet>
  <Strategy Version="1" Minor="2">
    <StratHandle Name="Vivado Implementation Defaults" Flow="Vivado Implementation 2024"/>
    <Step Id="init_design"/>
    <Step Id="opt_design"/>
    <Step Id="power_opt_design"/>
    <Step Id="place_design"/>
    <Step Id="post_place_power_opt_design"/>
    <Step Id="phys_opt_design"/>
    <Step Id="route_design"/>
    <Step Id="post_route_phys_opt_design"/>
    <Step Id="write_bitstream"/>
  </Strategy>
</GenRun>
